Transaction_ID,Fraud_Probability,Actual_Label,Top_Risk_Factor,Risk_Impact
43428,0.99980706,1,V14,2.934259
154719,0.9998024,1,V14,2.9260318
243749,0.99978536,1,V14,2.936337
8615,0.9997534,1,V14,3.0358555
150647,0.9997284,1,V14,3.0430992
143333,0.99972385,1,V14,2.9660869
251477,0.99972206,1,V14,3.1262972
143336,0.99972075,1,V14,3.1020977
141257,0.9997204,1,V14,3.061378
241445,0.9997173,1,V14,3.1696205
